timestamp,capture,sample,sensor,x,y,z,orientation,temperature
2026-09-10 14:54:01,1,1,1,-19,1,246,zmax,10
2026-09-10 14:54:01,1,1,2,-21,11,240,zmax,10
2026-09-10 14:54:01,1,1,3,-20,10,257,zmax,10
2026-09-10 14:54:01,1,1,4,-16,-13,247,zmax,10
2026-09-10 14:54:01,1,1,5,-13,15,247,zmax,10
2026-09-10 14:54:01,1,1,6,-18,11,233,zmax,10
2026-09-10 14:54:01,1,1,7,-13,12,246,zmax,10
2026-09-10 14:54:01,1,1,8,-21,16,246,zmax,10
2026-09-10 14:54:01,1,1,9,-8,11,251,zmax,10
2026-09-10 14:54:01,1,1,10,-8,4,255,zmax,10
2026-09-10 14:54:01,1,1,11,-9,10,241,zmax,10
2026-09-10 14:54:01,1,1,12,1,-2,237,zmax,10
2026-09-10 14:54:01,1,1,13,1,19,254,zmax,10
2026-09-10 14:54:01,1,1,14,-6,1,245,zmax,10
2026-09-10 14:54:01,1,1,15,-15,15,244,zmax,10
2026-09-10 14:54:01,1,1,16,-11,11,249,zmax,10
2026-09-10 14:15:03,1,1,1,-21,-1,249,zmax,20
2026-09-10 14:15:03,1,1,2,-25,1,249,zmax,20
2026-09-10 14:15:03,1,1,3,-22,7,257,zmax,20
2026-09-10 14:15:03,1,1,4,-20,-21,244,zmax,20
2026-09-10 14:15:03,1,1,5,-15,10,251,zmax,20
2026-09-10 14:15:03,1,1,6,-21,5,240,zmax,20
2026-09-10 14:15:03,1,1,7,-17,4,253,zmax,20
2026-09-10 14:15:03,1,1,8,-22,8,252,zmax,20
2026-09-10 14:15:03,1,1,9,-11,8,249,zmax,20
2026-09-10 14:15:03,1,1,10,-9,0,256,zmax,20
2026-09-10 14:15:03,1,1,11,-12,2,246,zmax,20
2026-09-10 14:15:03,1,1,12,-1,-9,236,zmax,20
2026-09-10 14:15:03,1,1,13,-1,17,254,zmax,20
2026-09-10 14:15:03,1,1,14,-7,-4,252,zmax,20
2026-09-10 14:15:03,1,1,15,-16,8,249,zmax,20
2026-09-10 14:15:03,1,1,16,-11,4,254,zmax,20
2026-09-10 14:32:55,1,1,1,-25,-7,255,zmax,30
2026-09-10 14:32:55,1,1,2,-27,-2,249,zmax,30
2026-09-10 14:32:55,1,1,3,-25,0,260,zmax,30
2026-09-10 14:32:55,1,1,4,-21,-24,243,zmax,30
2026-09-10 14:32:55,1,1,5,-20,5,251,zmax,30
2026-09-10 14:32:55,1,1,6,-24,1,238,zmax,30
2026-09-10 14:32:55,1,1,7,-19,2,256,zmax,30
2026-09-10 14:32:55,1,1,8,-26,2,253,zmax,30
2026-09-10 14:32:55,1,1,9,-16,2,247,zmax,30
2026-09-10 14:32:55,1,1,10,-12,-2,254,zmax,30
2026-09-10 14:32:55,1,1,11,-15,-1,241,zmax,30
2026-09-10 14:32:55,1,1,12,-4,-14,236,zmax,30
2026-09-10 14:32:55,1,1,13,-2,10,255,zmax,30
2026-09-10 14:32:55,1,1,14,-11,-7,252,zmax,30
2026-09-10 14:32:55,1,1,15,-19,5,249,zmax,30
2026-09-10 14:32:55,1,1,16,-15,0,253,zmax,30
2026-09-10 14:36:54,1,1,1,-24,-6,254,zmax,40
2026-09-10 14:36:54,1,1,2,-26,-1,246,zmax,40
2026-09-10 14:36:54,1,1,3,-24,0,256,zmax,40
2026-09-10 14:36:54,1,1,4,-23,-26,245,zmax,40
2026-09-10 14:36:54,1,1,5,-19,3,251,zmax,40
2026-09-10 14:36:54,1,1,6,-24,0,237,zmax,40
2026-09-10 14:36:54,1,1,7,-16,-1,262,zmax,40
2026-09-10 14:36:54,1,1,8,-24,4,256,zmax,40
2026-09-10 14:36:54,1,1,9,-15,-2,249,zmax,40
2026-09-10 14:36:54,1,1,10,-12,-4,254,zmax,40
2026-09-10 14:36:54,1,1,11,-15,-4,243,zmax,40
2026-09-10 14:36:54,1,1,12,-3,-18,237,zmax,40
2026-09-10 14:36:54,1,1,13,-1,6,261,zmax,40
2026-09-10 14:36:54,1,1,14,-11,-10,253,zmax,40
2026-09-10 14:36:54,1,1,15,-19,5,252,zmax,40
2026-09-10 14:36:54,1,1,16,-16,1,255,zmax,40
2026-09-10 14:40:11,1,1,1,-23,-8,256,zmax,50
2026-09-10 14:40:11,1,1,2,-26,-4,249,zmax,50
2026-09-10 14:40:11,1,1,3,-23,-2,263,zmax,50
2026-09-10 14:40:11,1,1,4,-20,-26,247,zmax,50
2026-09-10 14:40:11,1,1,5,-19,2,251,zmax,50
2026-09-10 14:40:11,1,1,6,-23,0,245,zmax,50
2026-09-10 14:40:11,1,1,7,-14,-1,260,zmax,50
2026-09-10 14:40:11,1,1,8,-25,0,257,zmax,50
2026-09-10 14:40:11,1,1,9,-13,-2,250,zmax,50
2026-09-10 14:40:11,1,1,10,-11,-4,256,zmax,50
2026-09-10 14:40:11,1,1,11,-15,-6,240,zmax,50
2026-09-10 14:40:11,1,1,12,-2,-18,234,zmax,50
2026-09-10 14:40:11,1,1,13,-2,3,264,zmax,50
2026-09-10 14:40:11,1,1,14,-9,-12,259,zmax,50
2026-09-10 14:40:11,1,1,15,-17,5,252,zmax,50
2026-09-10 14:40:11,1,1,16,-14,-2,254,zmax,50
2026-09-10 14:43:42,1,1,1,-22,-8,257,zmax,60
2026-09-10 14:43:42,1,1,2,-26,-5,251,zmax,60
2026-09-10 14:43:42,1,1,3,-23,-3,262,zmax,60
2026-09-10 14:43:42,1,1,4,-18,-28,250,zmax,60
2026-09-10 14:43:42,1,1,5,-21,1,254,zmax,60
2026-09-10 14:43:42,1,1,6,-24,-1,245,zmax,60
2026-09-10 14:43:42,1,1,7,-15,-2,262,zmax,60
2026-09-10 14:43:42,1,1,8,-21,1,257,zmax,60
2026-09-10 14:43:42,1,1,9,-13,-3,244,zmax,60
2026-09-10 14:43:42,1,1,10,-10,-5,258,zmax,60
2026-09-10 14:43:42,1,1,11,-15,-8,241,zmax,60
2026-09-10 14:43:42,1,1,12,-2,-21,232,zmax,60
2026-09-10 14:43:42,1,1,13,-1,1,264,zmax,60
2026-09-10 14:43:42,1,1,14,-9,-12,259,zmax,60
2026-09-10 14:43:42,1,1,15,-16,5,256,zmax,60
2026-09-10 14:43:42,1,1,16,-13,-1,255,zmax,60