,temperature,intersections
0,0,[]
1,5,[]
2,10,"[(1, 1, '+'), (1, 7, '-'), (1, 8, '-'), (2, 15, '-'), (2, 4, '+'), (3, 14, '-'), (5, 6, '+'), (12, 16, '-')]"
3,15,"[(1, 14, '-'), (1, 4, '+'), (1, 6, '+'), (1, 12, '+'), (2, 3, '-'), (2, 11, '+'), (3, 15, '-'), (3, 3, '+'), (3, 10, '-'), (3, 9, '+'), (3, 10, '+'), (3, 11, '+'), (4, 16, '-'), (4, 6, '+'), (4, 7, '+'), (4, 8, '+'), (4, 12, '+'), (5, 7, '+'), (5, 12, '+'), (6, 7, '-'), (6, 8, '-'), (6, 14, '-'), (7, 14, '-'), (7, 12, '+'), (8, 15, '-'), (8, 12, '+'), (9, 11, '-'), (9, 15, '-'), (10, 11, '-'), (10, 13, '+'), (12, 14, '-'), (13, 16, '+'), (14, 15, '-')]"
4,20,"[(1, 12, '-'), (1, 15, '-'), (1, 7, '-'), (1, 15, '-'), (1, 16, '-'), (1, 5, '+'), (2, 9, '-'), (2, 10, '-'), (2, 13, '-'), (3, 9, '-'), (3, 13, '-'), (3, 6, '+'), (3, 7, '+'), (3, 9, '+'), (3, 16, '+'), (4, 7, '-'), (4, 14, '-'), (4, 14, '+'), (5, 8, '+'), (6, 12, '-'), (6, 15, '-'), (6, 10, '-'), (6, 12, '+'), (7, 9, '+'), (7, 14, '+'), (8, 15, '-'), (9, 13, '-'), (9, 10, '-'), (9, 14, '-'), (9, 16, '-'), (10, 16, '-'), (10, 11, '+'), (10, 11, '+'), (11, 11, '-'), (11, 13, '-'), (11, 13, '-'), (12, 15, '-'), (14, 16, '-'), (15, 16, '-')]"
5,25,"[(1, 6, '-'), (1, 1, '+'), (1, 5, '-'), (1, 8, '-'), (1, 14, '-'), (1, 4, '+'), (1, 5, '+'), (1, 9, '+'), (1, 14, '+'), (1, 14, '+'), (2, 2, '+'), (2, 3, '-'), (2, 10, '-'), (3, 8, '-'), (3, 12, '-'), (3, 10, '-'), (3, 5, '+'), (3, 14, '+'), (4, 5, '-'), (4, 8, '-'), (4, 9, '-'), (4, 14, '-'), (4, 6, '-'), (4, 14, '+'), (4, 15, '+'), (5, 7, '-'), (5, 8, '-'), (5, 14, '-'), (5, 15, '-'), (5, 16, '-'), (5, 9, '+'), (5, 14, '+'), (5, 14, '+'), (6, 13, '-'), (7, 10, '-'), (7, 10, '-'), (7, 13, '-'), (7, 10, '+'), (7, 15, '+'), (7, 16, '+'), (8, 12, '-'), (8, 9, '+'), (8, 14, '+'), (8, 14, '+'), (9, 9, '-'), (9, 10, '-'), (9, 10, '-'), (9, 13, '-'), (9, 14, '-'), (10, 13, '-'), (11, 16, '-'), (13, 16, '+'), (14, 14, '+'), (14, 15, '-')]"
6,30,"[(1, 4, '-'), (1, 15, '-'), (1, 10, '+'), (1, 15, '+'), (2, 11, '-'), (2, 3, '+'), (2, 6, '+'), (2, 8, '+'), (2, 12, '+'), (3, 8, '+'), (3, 15, '+'), (4, 15, '-'), (4, 9, '+'), (5, 5, '+'), (5, 15, '-'), (5, 13, '-'), (5, 14, '-'), (6, 9, '-'), (6, 10, '-'), (7, 7, '+'), (7, 9, '-'), (7, 10, '-'), (7, 11, '+'), (8, 13, '-'), (8, 14, '-'), (8, 10, '+'), (8, 15, '+'), (9, 16, '-'), (9, 15, '-'), (10, 14, '-'), (10, 16, '-'), (10, 16, '+'), (13, 14, '+'), (14, 15, '+')]"
7,35,"[(1, 2, '-'), (1, 4, '-'), (1, 7, '+'), (1, 11, '+'), (2, 12, '-'), (2, 7, '-'), (2, 14, '-'), (2, 16, '-'), (2, 14, '+'), (3, 7, '-'), (3, 11, '-'), (3, 16, '-'), (3, 13, '+'), (4, 4, '+'), (4, 5, '-'), (4, 12, '-'), (4, 5, '+'), (5, 10, '-'), (5, 10, '-'), (5, 10, '+'), (5, 15, '+'), (6, 8, '-'), (6, 7, '-'), (6, 7, '-'), (7, 8, '-'), (7, 11, '-'), (7, 14, '-'), (7, 16, '-'), (7, 7, '+'), (7, 16, '-'), (7, 9, '+'), (7, 11, '+'), (7, 16, '+'), (7, 16, '+'), (8, 11, '+'), (9, 16, '-'), (10, 10, '+'), (10, 15, '-'), (10, 15, '-'), (11, 16, '-'), (11, 14, '-'), (11, 16, '-'), (13, 13, '+'), (13, 14, '-'), (13, 15, '-'), (13, 15, '+'), (14, 16, '+'), (15, 15, '+')]"
8,40,"[(1, 2, '-'), (1, 2, '+'), (1, 3, '+'), (1, 7, '+'), (1, 9, '+'), (1, 11, '+'), (1, 16, '+'), (2, 5, '-'), (2, 7, '-'), (2, 8, '-'), (2, 15, '-'), (2, 16, '-'), (2, 9, '+'), (3, 8, '-'), (3, 14, '-'), (3, 16, '-'), (3, 13, '+'), (5, 7, '-'), (5, 7, '+'), (5, 11, '+'), (5, 15, '+'), (6, 14, '-'), (6, 16, '-'), (6, 12, '+'), (7, 15, '-'), (7, 8, '-'), (7, 14, '-'), (7, 16, '-'), (7, 8, '+'), (7, 9, '+'), (7, 10, '+'), (8, 10, '-'), (8, 10, '-'), (8, 9, '+'), (8, 11, '+'), (8, 16, '+'), (9, 11, '-'), (9, 14, '-'), (9, 16, '-'), (10, 13, '+'), (11, 14, '-'), (11, 16, '-'), (11, 15, '-'), (11, 15, '-'), (11, 12, '-'), (14, 15, '-'), (14, 16, '+'), (14, 16, '+'), (16, 16, '-')]"
9,45,"[(1, 8, '-'), (1, 14, '-'), (1, 6, '+'), (1, 9, '+'), (1, 16, '+'), (1, 16, '+'), (2, 6, '-'), (2, 11, '-'), (2, 4, '+'), (2, 5, '+'), (2, 11, '+'), (3, 6, '-'), (3, 5, '-'), (3, 7, '-'), (3, 15, '-'), (4, 11, '-'), (4, 10, '+'), (4, 11, '+'), (5, 14, '-'), (5, 7, '+'), (5, 9, '+'), (5, 11, '+'), (6, 8, '-'), (6, 15, '-'), (6, 16, '-'), (6, 11, '+'), (7, 11, '-'), (7, 15, '-'), (7, 16, '-'), (7, 10, '+'), (7, 13, '+'), (7, 14, '+'), (7, 15, '+'), (8, 14, '-'), (8, 14, '-'), (8, 9, '+'), (8, 16, '+'), (8, 16, '+'), (9, 14, '-'), (9, 15, '-'), (10, 13, '-'), (10, 11, '-'), (10, 15, '+'), (11, 15, '-'), (13, 14, '-'), (15, 16, '+'), (16, 16, '+'), (16, 16, '+')]"
10,50,"[(1, 5, '+'), (1, 8, '+'), (1, 13, '+'), (2, 2, '+'), (2, 4, '-'), (2, 15, '-'), (2, 10, '+'), (3, 6, '-'), (3, 14, '-'), (4, 10, '-'), (5, 8, '-'), (5, 9, '-'), (5, 15, '-'), (5, 16, '-'), (5, 6, '+'), (5, 16, '+'), (5, 16, '+'), (6, 6, '+'), (6, 11, '-'), (6, 14, '+'), (7, 7, '-'), (7, 9, '-'), (8, 8, '+'), (8, 9, '-'), (8, 15, '-'), (8, 16, '-'), (8, 13, '+'), (9, 15, '-'), (9, 16, '-'), (10, 14, '-'), (10, 15, '-'), (10, 14, '+'), (11, 16, '-'), (13, 15, '-'), (13, 16, '-'), (14, 15, '+'), (15, 16, '+'), (15, 16, '+')]"
11,55,"[(1, 6, '-'), (1, 10, '+'), (1, 15, '+'), (2, 4, '-'), (2, 3, '+'), (2, 4, '+'), (2, 7, '+'), (2, 9, '+'), (2, 15, '+'), (3, 4, '-'), (3, 15, '-'), (4, 7, '+'), (4, 9, '+'), (4, 15, '+'), (5, 5, '+'), (5, 16, '-'), (5, 8, '+'), (5, 9, '+'), (5, 13, '+'), (6, 14, '-'), (6, 7, '-'), (6, 9, '+'), (7, 16, '-'), (8, 9, '-'), (8, 16, '-'), (8, 10, '+'), (8, 15, '+'), (9, 13, '-'), (9, 15, '-'), (10, 14, '+'), (13, 16, '-'), (14, 14, '+'), (15, 15, '+')]"
12,60,"[(1, 6, '-'), (1, 8, '-'), (1, 14, '+'), (2, 6, '+'), (2, 7, '+'), (2, 11, '+'), (2, 16, '+'), (5, 6, '-'), (5, 11, '-'), (6, 8, '+'), (6, 11, '+'), (7, 15, '-'), (8, 11, '-'), (8, 14, '+'), (10, 15, '-'), (12, 13, '-'), (15, 16, '-')]"
13,65,[]
14,70,[]
